{"layers":[{"file":"layer_0.png","label":"Head","visible":true,"kind":"head"},{"file":"layer_1.png","label":"Arms","visible":true,"kind":"arms"},{"file":"layer_2.png","label":"Body","visible":true,"kind":"body"},{"file":"layer_3.png","label":"Legs","visible":true,"kind":"legs"},{"file":"layer_4.png","label":"Head wear","visible":true,"kind":"head_wear"},{"file":"layer_5.png","label":"Arms wear","visible":true,"kind":"arms_wear"},{"file":"layer_6.png","label":"Body wear","visible":true,"kind":"body_wear"},{"file":"layer_7.png","label":"Legs wear","visible":true,"kind":"legs_wear"}]}